OBJECTID_1,Join_Count_2020,Join_Count_2019,Join_Count_2018,Join_Count_2017,Join_Count_2016,CTID,CTTEXT,Frequency,Intensity,Duration,HEMSC,z_freq,z_iten,z_dura,STATEFP,COUNTYFP,TRACTCE,GEOID,NAME,NAMELSAD,MTFCC,ALAND,AWATER,INTPTLAT,INTPTLON,CT_Area,intersect_area
1,22,18,13,16,5,48453000101,TX: Travis County: Census Tract 1.01,221,49.29312546,66,160,0.706811587,0.679711762,-0.088485843,48,453,000101,48453000101,1.01,Census Tract 1.01,G5020,3124999,0,+30.3231686,-097.7532670,3124998,3124998
2,6,11,12,3,0,48453000102,TX: Travis County: Census Tract 1.02,221,49.29312546,66,35,0.706811587,0.679711762,-0.088485843,48,453,000102,48453000102,1.02,Census Tract 1.02,G5020,5506027,138159,+30.3262719,-097.7668011,5644191,5644191
3,6,11,14,9,3,48453000203,TX: Travis County: Census Tract 2.03,220,49.01395923,66,165,0.431659933,0.574249352,-0.088485843,48,453,000203,48453000203,2.03,Census Tract 2.03,G5020,1208518,0,+30.3126203,-097.7366662,1208517,1208517
4,26,30,27,18,1,48453000204,TX: Travis County: Census Tract 2.04,220,49.01395923,66,240,0.431659933,0.574249352,-0.088485843,48,453,000204,48453000204,2.04,Census Tract 2.04,G5020,1822932,0,+30.3071636,-097.7444646,1822933,1822933
5,24,26,22,14,7,48453000205,TX: Travis County: Census Tract 2.05,220,49.01395923,66,125,0.431659933,0.574249352,-0.088485843,48,453,000205,48453000205,2.05,Census Tract 2.05,G5020,1512160,0,+30.3261646,-097.7343267,1512160,1512160
6,22,20,13,11,3,48453000206,TX: Travis County: Census Tract 2.06,220,49.01395923,66,110,0.431659933,0.574249352,-0.088485843,48,453,000206,48453000206,2.06,Census Tract 2.06,G5020,1480808,0,+30.3261412,-097.7435231,1480807,1480807
7,35,32,27,23,4,48453000302,TX: Travis County: Census Tract 3.02,220,49.01395923,66,311,0.431659933,0.574249352,-0.088485843,48,453,000302,48453000302,3.02,Census Tract 3.02,G5020,2052164,0,+30.3025591,-097.7265034,2052162,2052162
8,27,24,15,15,1,48453000304,TX: Travis County: Census Tract 3.04,220,49.01395923,66,195,0.431659933,0.574249352,-0.088485843,48,453,000304,48453000304,3.04,Census Tract 3.04,G5020,1192522,0,+30.3093739,-097.7169143,1192525,1192525
9,13,20,11,9,6,48453000305,TX: Travis County: Census Tract 3.05,220,49.01395923,66,137,0.431659933,0.574249352,-0.088485843,48,453,000305,48453000305,3.05,Census Tract 3.05,G5020,1479019,0,+30.3148733,-097.7263080,1479012,1479012
10,15,18,21,22,7,48453000306,TX: Travis County: Census Tract 3.06,220,49.47950275,66,307,0.431659933,0.750120703,-0.088485843,48,453,000306,48453000306,3.06,Census Tract 3.06,G5020,3369045,0,+30.2971474,-097.7002768,3369042,3369042
11,22,16,17,9,3,48453000307,TX: Travis County: Census Tract 3.07,220,49.01395923,66,76,0.431659933,0.574249352,-0.088485843,48,453,000307,48453000307,3.07,Census Tract 3.07,G5020,1214341,0,+30.2970325,-097.7125652,1214338,1214338
12,22,34,30,19,5,48453000401,TX: Travis County: Census Tract 4.01,223,50.13350206,66,301,1.257114894,0.997186205,-0.088485843,48,453,000401,48453000401,4.01,Census Tract 4.01,G5020,2182694,0,+30.2882481,-097.7250558,2182694,2182694
13,19,15,18,16,4,48453000402,TX: Travis County: Census Tract 4.02,223,50.13350206,66,211,1.257114894,0.997186205,-0.088485843,48,453,000402,48453000402,4.02,Census Tract 4.02,G5020,1543583,0,+30.2841390,-097.7155242,1543582,1543582
14,21,21,21,9,2,48453000500,TX: Travis County: Census Tract 5,220,49.01395923,66,83,0.431659933,0.574249352,-0.088485843,48,453,000500,48453000500,5,Census Tract 5,G5020,1152030,0,+30.2960656,-097.7341753,1152032,1152032
15,17,30,14,9,4,48453000601,TX: Travis County: Census Tract 6.01,223,50.13350206,66,181,1.257114894,0.997186205,-0.088485843,48,453,000601,48453000601,6.01,Census Tract 6.01,G5020,1113390,0,+30.2874117,-097.7380441,1113388,1113388
16,42,26,32,13,5,48453000603,TX: Travis County: Census Tract 6.03,220,49.01395923,66,105,0.431659933,0.574249352,-0.088485843,48,453,000603,48453000603,6.03,Census Tract 6.03,G5020,790189,0,+30.2919924,-097.7462695,790187,790187
17,22,27,20,17,4,48453000604,TX: Travis County: Census Tract 6.04,223,50.13350206,66,114,1.257114894,0.997186205,-0.088485843,48,453,000604,48453000604,6.04,Census Tract 6.04,G5020,666856,0,+30.2855339,-097.7477274,666855,666855
18,31,43,39,24,6,48453000700,TX: Travis County: Census Tract 7,223,50.13350206,66,521,1.257114894,0.997186205,-0.088485843,48,453,000700,48453000700,7,Census Tract 7,G5020,1615143,0,+30.2777004,-097.7411232,1615140,1615140
19,18,21,17,15,1,48453000801,TX: Travis County: Census Tract 8.01,223,50.60224328,66,177,1.257114894,1.174265572,-0.088485843,48,453,000801,48453000801,8.01,Census Tract 8.01,G5020,1292329,0,+30.2669542,-097.7014857,1292329,1292329
20,26,19,21,21,6,48453000802,TX: Travis County: Census Tract 8.02,223,50.60224328,66,131,1.257114894,1.174265572,-0.088485843,48,453,000802,48453000802,8.02,Census Tract 8.02,G5020,1711811,0,+30.2735527,-097.7079890,1711810,1711810
21,31,16,20,21,1,48453000803,TX: Travis County: Census Tract 8.03,223,50.13350206,66,134,1.257114894,0.997186205,-0.088485843,48,453,000803,48453000803,8.03,Census Tract 8.03,G5020,1444991,0,+30.2768115,-097.7204722,1444990,1444990
22,19,20,10,11,0,48453000804,TX: Travis County: Census Tract 8.04,223,50.13350206,66,168,1.257114894,0.997186205,-0.088485843,48,453,000804,48453000804,8.04,Census Tract 8.04,G5020,1047634,0,+30.2700914,-097.7219451,1047634,1047634
23,18,19,18,10,2,48453000901,TX: Travis County: Census Tract 9.01,223,50.13350206,66,91,1.257114894,0.997186205,-0.088485843,48,453,000901,48453000901,9.01,Census Tract 9.01,G5020,867121,0,+30.2655680,-097.7237399,867125,867125
24,74,84,68,38,16,48453000902,TX: Travis County: Census Tract 9.02,223,50.13350206,66,711,1.257114894,0.997186205,-0.088485843,48,453,000902,48453000902,9.02,Census Tract 9.02,G5020,3041426,0,+30.2591922,-097.7159697,3041429,3041429
25,60,27,25,21,9,48453001000,TX: Travis County: Census Tract 10,223,50.13350206,66,355,1.257114894,0.997186205,-0.088485843,48,453,001000,48453001000,10,Census Tract 10,G5020,1981569,355821,+30.2528309,-097.7258285,2337388,2337388
26,94,131,116,72,12,48453001100,TX: Travis County: Census Tract 11,223,50.13350206,66,2849,1.257114894,0.997186205,-0.088485843,48,453,001100,48453001100,11,Census Tract 11,G5020,2437645,239536,+30.2664790,-097.7426630,2677184,2677184
27,48,37,45,26,7,48453001200,TX: Travis County: Census Tract 12,222,49.47950275,66,267,0.98196324,0.750120703,-0.088485843,48,453,001200,48453001200,12,Census Tract 12,G5020,2351554,162056,+30.2727828,-097.7591845,2513615,2513615
28,30,26,23,14,3,48453001303,TX: Travis County: Census Tract 13.03,222,49.47950275,66,276,0.98196324,0.750120703,-0.088485843,48,453,001303,48453001303,13.03,Census Tract 13.03,G5020,1696292,43869,+30.2599547,-097.7614723,1740163,1740163
29,17,18,18,13,6,48453001304,TX: Travis County: Census Tract 13.04,220,47.53317355,66,137,0.431659933,0.014843477,-0.088485843,48,453,001304,48453001304,13.04,Census Tract 13.04,G5020,1827986,0,+30.2484063,-097.7734338,1827990,1827991
30,52,42,41,18,5,48453001305,TX: Travis County: Census Tract 13.05,222,49.47950275,66,360,0.98196324,0.750120703,-0.088485843,48,453,001305,48453001305,13.05,Census Tract 13.05,G5020,3074653,65346,+30.2515377,-097.7553853,3139998,3139998
31,39,26,16,4,4,48453001307,TX: Travis County: Census Tract 13.07,220,47.53317355,66,159,0.431659933,0.014843477,-0.088485843,48,453,001307,48453001307,13.07,Census Tract 13.07,G5020,1793883,0,+30.2362244,-097.7686584,1793882,1793882
32,46,60,24,19,7,48453001308,TX: Travis County: Census Tract 13.08,220,47.53317355,66,384,0.431659933,0.014843477,-0.088485843,48,453,001308,48453001308,13.08,Census Tract 13.08,G5020,1305980,0,+30.2325446,-097.7618791,1305976,1305976
33,12,13,18,9,3,48453001401,TX: Travis County: Census Tract 14.01,223,50.13350206,66,140,1.257114894,0.997186205,-0.088485843,48,453,001401,48453001401,14.01,Census Tract 14.01,G5020,1263792,114078,+30.2502458,-097.7449822,1377869,1377869
34,9,14,7,12,0,48453001402,TX: Travis County: Census Tract 14.02,220,48.3644367,66,69,0.431659933,0.328875073,-0.088485843,48,453,001402,48453001402,14.02,Census Tract 14.02,G5020,1308353,52188,+30.2436580,-097.7411635,1360544,1360544
35,16,19,21,16,4,48453001403,TX: Travis County: Census Tract 14.03,220,48.3644367,66,76,0.431659933,0.328875073,-0.088485843,48,453,001403,48453001403,14.03,Census Tract 14.03,G5020,800629,0,+30.2399174,-097.7350703,800628,800628
36,14,16,16,12,2,48453001501,TX: Travis County: Census Tract 15.01,219,47.71752563,66,141,0.15650828,0.084487341,-0.088485843,48,453,001501,48453001501,15.01,Census Tract 15.01,G5020,3472367,0,+30.3465781,-097.7433051,3472368,3472368
37,50,50,46,32,5,48453001503,TX: Travis County: Census Tract 15.03,220,49.01395923,66,486,0.431659933,0.574249352,-0.088485843,48,453,001503,48453001503,15.03,Census Tract 15.03,G5020,3475141,0,+30.3272564,-097.7157687,3475143,3475143
38,26,27,16,8,5,48453001504,TX: Travis County: Census Tract 15.04,219,47.71752563,66,230,0.15650828,0.084487341,-0.088485843,48,453,001504,48453001504,15.04,Census Tract 15.04,G5020,2633763,0,+30.3465440,-097.7250860,2633764,2633764
39,15,18,11,15,3,48453001505,TX: Travis County: Census Tract 15.05,219,47.71752563,66,114,0.15650828,0.084487341,-0.088485843,48,453,001505,48453001505,15.05,Census Tract 15.05,G5020,2152918,0,+30.3363861,-097.7304291,2152923,2152923
40,10,10,11,8,5,48453001602,TX: Travis County: Census Tract 16.02,222,49.47950275,66,67,0.98196324,0.750120703,-0.088485843,48,453,001602,48453001602,16.02,Census Tract 16.02,G5020,2637501,246663,+30.2900812,-097.7782019,2884166,2884166
41,10,14,18,2,2,48453001603,TX: Travis County: Census Tract 16.03,221,49.29312546,66,69,0.706811587,0.679711762,-0.088485843,48,453,001603,48453001603,16.03,Census Tract 16.03,G5020,2559600,0,+30.2984281,-097.7564434,2559600,2559600
42,14,11,11,4,0,48453001604,TX: Travis County: Census Tract 16.04,221,49.29312546,66,47,0.706811587,0.679711762,-0.088485843,48,453,001604,48453001604,16.04,Census Tract 16.04,G5020,3035085,286342,+30.3028407,-097.7724028,3321425,3321425
43,17,17,10,13,2,48453001605,TX: Travis County: Census Tract 16.05,222,49.47950275,66,42,0.98196324,0.750120703,-0.088485843,48,453,001605,48453001605,16.05,Census Tract 16.05,G5020,1894186,0,+30.2867710,-097.7605726,1894188,1894188
44,3,3,7,2,0,48453001606,TX: Travis County: Census Tract 16.06,221,49.29312546,66,88,0.706811587,0.679711762,-0.088485843,48,453,001606,48453001606,16.06,Census Tract 16.06,G5020,503773,0,+30.3056732,-097.7608291,503774,503773
45,15,14,20,14,1,48453001705,TX: Travis County: Census Tract 17.05,219,47.99445346,66,107,0.15650828,0.189104139,-0.088485843,48,453,001705,48453001705,17.05,Census Tract 17.05,G5020,5341085,0,+30.3697168,-097.7740291,5341090,5341089
46,20,18,18,16,2,48453001706,TX: Travis County: Census Tract 17.06,217,46.79789703,66,65,-0.393795027,-0.262926635,-0.088485843,48,453,001706,48453001706,17.06,Census Tract 17.06,G5020,2659131,0,+30.3825426,-097.7554827,2659128,2659128
47,27,12,23,13,3,48453001707,TX: Travis County: Census Tract 17.07,219,47.71752563,66,124,0.15650828,0.084487341,-0.088485843,48,453,001707,48453001707,17.07,Census Tract 17.07,G5020,2795283,0,+30.3727852,-097.7463444,2795279,2795279
48,65,39,22,17,5,48453001712,TX: Travis County: Census Tract 17.12,217,44.70297671,66,308,-0.393795027,-1.054338075,-0.088485843,48,453,001712,48453001712,17.12,Census Tract 17.12,G5020,2315778,0,+30.2238532,-097.7971955,2315779,2315779
49,18,15,21,12,4,48453001713,TX: Travis County: Census Tract 17.13,217,44.70297671,66,202,-0.393795027,-1.054338075,-0.088485843,48,453,001713,48453001713,17.13,Census Tract 17.13,G5020,2583805,0,+30.2107923,-097.8052987,2583809,2583809
50,25,28,28,19,4,48453001714,TX: Travis County: Census Tract 17.14,211,44.8840245,65,282,-2.044704947,-0.985942495,-0.673028684,48,453,001714,48453001714,17.14,Census Tract 17.14,G5020,17646308,0,+30.4243414,-097.8278641,17646309,16520083
51,15,19,16,9,3,48453001716,TX: Travis County: Census Tract 17.16,216,46.15732806,65,119,-0.66894668,-0.504918469,-0.673028684,48,453,001716,48453001716,17.16,Census Tract 17.16,G5020,20852700,0,+30.3934971,-097.8025854,20852700,16991799
52,23,22,18,11,6,48453001718,TX: Travis County: Census Tract 17.18,219,47.99445346,66,239,0.15650828,0.189104139,-0.088485843,48,453,001718,48453001718,17.18,Census Tract 17.18,G5020,3519720,0,+30.3483141,-097.7610230,3519722,3519722
53,10,10,14,8,0,48453001719,TX: Travis County: Census Tract 17.19,219,47.99445346,66,55,0.15650828,0.189104139,-0.088485843,48,453,001719,48453001719,17.19,Census Tract 17.19,G5020,4894738,275486,+30.3494775,-097.7806389,5170224,5170224
54,23,13,19,17,5,48453001722,TX: Travis County: Census Tract 17.22,217,46.79789703,66,180,-0.393795027,-0.262926635,-0.088485843,48,453,001722,48453001722,17.22,Census Tract 17.22,G5020,2755480,0,+30.3989237,-097.7531675,2755482,2755482
55,25,29,21,15,4,48453001728,TX: Travis County: Census Tract 17.28,218,43.98091736,66,283,-0.118643373,-1.327115053,-0.088485843,48,453,001728,48453001728,17.28,Census Tract 17.28,G5020,3612899,0,+30.1957423,-097.8165609,3612900,3612900
56,27,14,13,17,4,48453001729,TX: Travis County: Census Tract 17.29,218,43.98091736,66,153,-0.118643373,-1.327115053,-0.088485843,48,453,001729,48453001729,17.29,Census Tract 17.29,G5020,3152356,0,+30.2027508,-097.8293774,3152356,3152356
57,0,2,0,0,0,48453001733,TX: Travis County: Census Tract 17.33,203,38.1540742,66,70,-4.245918174,-3.528358846,-0.088485843,48,453,001733,48453001733,17.33,Census Tract 17.33,G5020,22567665,4561,+30.2148778,-097.9171838,22572299,272969
58,26,24,21,10,2,48453001737,TX: Travis County: Census Tract 17.37,205,39.45797139,66,166,-3.695614868,-3.03577727,-0.088485843,48,453,001737,48453001737,17.37,Census Tract 17.37,G5020,8595219,0,+30.2141501,-097.8809760,8595219,8254192
59,19,15,13,11,2,48453001738,TX: Travis County: Census Tract 17.38,213,42.10173991,66,155,-1.49440164,-2.037023934,-0.088485843,48,453,001738,48453001738,17.38,Census Tract 17.38,G5020,4964448,456,+30.2186217,-097.8606963,4964905,4964905
60,5,13,13,11,0,48453001740,TX: Travis County: Census Tract 17.40,214,42.27969658,67,75,-1.219249987,-1.969796103,0.496056998,48,453,001740,48453001740,17.40,Census Tract 17.40,G5020,4720184,0,+30.1900428,-097.8571114,4720183,4211980
61,0,0,0,0,0,48453001741,TX: Travis County: Census Tract 17.41,219,47.34903465,79,149,0.15650828,-0.054719853,7.510571093,48,453,001741,48453001741,17.41,Census Tract 17.41,G5020,12225860,7350869,+30.4131519,-097.9303376,19576719,129854
62,0,0,0,1,0,48453001742,TX: Travis County: Census Tract 17.42,215,45.70137765,66,131,-0.944098334,-0.67716577,-0.088485843,48,453,001742,48453001742,17.42,Census Tract 17.42,G5020,21294097,524706,+30.3628168,-097.9310395,21818809,572456
63,19,7,16,4,2,48453001745,TX: Travis County: Census Tract 17.45,214,46.88962006,65,83,-1.219249987,-0.228275839,-0.673028684,48,453,001745,48453001745,17.45,Census Tract 17.45,G5020,3415788,0,+30.4244094,-097.7380138,3415787,3415787
64,9,15,18,9,3,48453001746,TX: Travis County: Census Tract 17.46,214,42.27969658,67,86,-1.219249987,-1.969796103,0.496056998,48,453,001746,48453001746,17.46,Census Tract 17.46,G5020,2514694,0,+30.1860731,-097.8382648,2514693,2514693
65,22,27,21,8,2,48453001747,TX: Travis County: Census Tract 17.47,218,43.98091736,66,214,-0.118643373,-1.327115053,-0.088485843,48,453,001747,48453001747,17.47,Census Tract 17.47,G5020,2378687,0,+30.1807636,-097.8246003,2378689,2378689
66,17,32,20,19,2,48453001748,TX: Travis County: Census Tract 17.48,214,42.27969658,67,306,-1.219249987,-1.969796103,0.496056998,48,453,001748,48453001748,17.48,Census Tract 17.48,G5020,5355764,0,+30.1702304,-097.8391279,5355763,4303269
67,22,28,22,10,1,48453001749,TX: Travis County: Census Tract 17.49,213,42.10173991,66,172,-1.49440164,-2.037023934,-0.088485843,48,453,001749,48453001749,17.49,Census Tract 17.49,G5020,4257941,0,+30.2303719,-097.8442624,4257943,4257943
68,28,25,16,15,5,48453001750,TX: Travis County: Census Tract 17.50,217,44.70297671,66,188,-0.393795027,-1.054338075,-0.088485843,48,453,001750,48453001750,17.50,Census Tract 17.50,G5020,6070399,0,+30.2227903,-097.8190628,6070399,2584902
69,7,2,4,4,2,48453001751,TX: Travis County: Census Tract 17.51,219,47.99445346,66,52,0.15650828,0.189104139,-0.088485843,48,453,001751,48453001751,17.51,Census Tract 17.51,G5020,1532713,0,+30.3628734,-097.7577515,1532717,1532717
70,16,19,16,10,3,48453001752,TX: Travis County: Census Tract 17.52,219,47.71752563,66,90,0.15650828,0.084487341,-0.088485843,48,453,001752,48453001752,17.52,Census Tract 17.52,G5020,936353,0,+30.3576147,-097.7498273,936351,936351
71,47,34,26,23,5,48453001753,TX: Travis County: Census Tract 17.53,218,47.25704514,66,143,-0.118643373,-0.089471317,-0.088485843,48,453,001753,48453001753,17.53,Census Tract 17.53,G5020,2360141,0,+30.3908069,-097.7388713,2360141,2360141
72,51,22,21,24,6,48453001754,TX: Travis County: Census Tract 17.54,218,47.25704514,66,293,-0.118643373,-0.089471317,-0.088485843,48,453,001754,48453001754,17.54,Census Tract 17.54,G5020,3225844,0,+30.4065573,-097.7373015,3225841,3225841
73,7,11,7,8,1,48453001755,TX: Travis County: Census Tract 17.55,217,46.79789703,66,42,-0.393795027,-0.262926635,-0.088485843,48,453,001755,48453001755,17.55,Census Tract 17.55,G5020,7440140,0,+30.4093231,-097.7785507,7440137,5316410
74,9,6,14,5,1,48453001756,TX: Travis County: Census Tract 17.56,212,46.24867803,65,63,-1.769553294,-0.470408607,-0.673028684,48,453,001756,48453001756,17.56,Census Tract 17.56,G5020,2133749,0,+30.4261397,-097.7697739,2133747,2089268
75,3,5,5,3,2,48453001757,TX: Travis County: Census Tract 17.57,217,46.79789703,66,68,-0.393795027,-0.262926635,-0.088485843,48,453,001757,48453001757,17.57,Census Tract 17.57,G5020,2196386,0,+30.3978274,-097.7639396,2196385,2196385
76,2,5,6,2,0,48453001760,TX: Travis County: Census Tract 17.60,216,45.88359793,66,241,-0.66894668,-0.60832725,-0.088485843,48,453,001760,48453001760,17.60,Census Tract 17.60,G5020,33160303,1187154,+30.3643612,-097.8919136,34347457,11952485
77,14,25,10,14,2,48453001761,TX: Travis County: Census Tract 17.61,219,47.07322601,66,77,0.15650828,-0.158913845,-0.088485843,48,453,001761,48453001761,17.61,Census Tract 17.61,G5020,29278101,766067,+30.3610724,-097.8294804,30044166,18679725
78,10,10,16,10,4,48453001765,TX: Travis County: Census Tract 17.65,212,45.88359793,65,247,-1.769553294,-0.60832725,-0.673028684,48,453,001765,48453001765,17.65,Census Tract 17.65,G5020,70105118,10523166,+30.4468967,-097.8753771,80628281,6616994
79,20,15,33,8,1,48453001769,TX: Travis County: Census Tract 17.69,205,39.45797139,66,117,-3.695614868,-3.03577727,-0.088485843,48,453,001769,48453001769,17.69,Census Tract 17.69,G5020,8986814,0,+30.2426667,-097.9012765,8986811,5286408
80,18,12,22,7,3,48453001770,TX: Travis County: Census Tract 17.70,208,39.63273036,67,97,-2.870159907,-2.969757455,0.496056998,48,453,001770,48453001770,17.70,Census Tract 17.70,G5020,13481039,0,+30.1911686,-097.8925258,13481046,13400802
81,3,7,7,2,0,48453001772,TX: Travis County: Census Tract 17.72,216,42.54703131,67,177,-0.66894668,-1.868803354,0.496056998,48,453,001772,48453001772,17.72,Census Tract 17.72,G5020,6873309,0,+30.1367242,-097.8391965,6873316,1100841
82,12,9,14,6,0,48453001774,TX: Travis County: Census Tract 17.74,216,42.54703131,67,115,-0.66894668,-1.868803354,0.496056998,48,453,001774,48453001774,17.74,Census Tract 17.74,G5020,4787719,0,+30.1572853,-097.8488986,4787721,3672855
83,7,4,5,3,1,48453001775,TX: Travis County: Census Tract 17.75,216,42.54703131,67,115,-0.66894668,-1.868803354,0.496056998,48,453,001775,48453001775,17.75,Census Tract 17.75,G5020,19054059,0,+30.1636223,-097.8835519,19054060,10397057
84,5,7,7,3,2,48453001776,TX: Travis County: Census Tract 17.76,213,42.10173991,66,77,-1.49440164,-2.037023934,-0.088485843,48,453,001776,48453001776,17.76,Census Tract 17.76,G5020,2006658,0,+30.2118405,-097.8404451,2006663,2006663
85,8,14,12,5,1,48453001777,TX: Travis County: Census Tract 17.77,214,42.27969658,67,92,-1.219249987,-1.969796103,0.496056998,48,453,001777,48453001777,17.77,Census Tract 17.77,G5020,2674587,0,+30.2047099,-097.8497730,2674588,2674588
86,4,9,7,2,0,48453001781,TX: Travis County: Census Tract 17.81,211,44.8840245,65,45,-2.044704947,-0.985942495,-0.673028684,48,453,001781,48453001781,17.81,Census Tract 17.81,G5020,2453147,0,+30.4397903,-097.7964587,2453145,2453145
87,9,7,8,7,1,48453001782,TX: Travis County: Census Tract 17.82,211,44.8840245,65,152,-2.044704947,-0.985942495,-0.673028684,48,453,001782,48453001782,17.82,Census Tract 17.82,G5020,3467483,0,+30.4293775,-097.7930364,3467483,3464459
88,0,2,0,0,0,48453001783,TX: Travis County: Census Tract 17.83,218,45.88359793,66,66,-0.118643373,-0.60832725,-0.088485843,48,453,001783,48453001783,17.83,Census Tract 17.83,G5020,14574413,323944,+30.3329212,-097.8698378,14898349,990908
89,0,0,0,0,0,48453001784,TX: Travis County: Census Tract 17.84,211,43.44161124,66,91,-2.044704947,-1.530852174,-0.088485843,48,453,001784,48453001784,17.84,Census Tract 17.84,G5020,18274170,406251,+30.3222727,-097.9260676,18680413,1180308
90,7,8,12,6,0,48453001785,TX: Travis County: Census Tract 17.85,214,46.88962006,65,103,-1.219249987,-0.228275839,-0.673028684,48,453,001785,48453001785,17.85,Census Tract 17.85,G5020,3714545,0,+30.4443631,-097.7362491,3714542,1197439
91,8,4,12,6,0,48453001786,TX: Travis County: Census Tract 17.86,214,46.88962006,65,86,-1.219249987,-0.228275839,-0.673028684,48,453,001786,48453001786,17.86,Census Tract 17.86,G5020,2225986,0,+30.4337014,-097.7486620,2225988,2225988
92,40,37,41,15,8,48453001804,TX: Travis County: Census Tract 18.04,219,48.08686933,66,490,0.15650828,0.224016672,-0.088485843,48,453,001804,48453001804,18.04,Census Tract 18.04,G5020,2194195,0,+30.3419390,-097.7073241,2194198,2194198
93,93,51,33,19,8,48453001805,TX: Travis County: Census Tract 18.05,219,47.71752563,66,271,0.15650828,0.084487341,-0.088485843,48,453,001805,48453001805,18.05,Census Tract 18.05,G5020,1520763,0,+30.3571952,-097.7103260,1520763,1520763
94,83,85,57,40,7,48453001806,TX: Travis County: Census Tract 18.06,219,48.08686933,66,598,0.15650828,0.224016672,-0.088485843,48,453,001806,48453001806,18.06,Census Tract 18.06,G5020,1932488,0,+30.3535065,-097.6977939,1932490,1932490
95,23,39,31,23,2,48453001811,TX: Travis County: Census Tract 18.11,220,49.47950275,66,258,0.431659933,0.750120703,-0.088485843,48,453,001811,48453001811,18.11,Census Tract 18.11,G5020,1444407,0,+30.3261779,-097.6849952,1444405,1444405
96,55,38,42,35,6,48453001812,TX: Travis County: Census Tract 18.12,220,49.47950275,66,598,0.431659933,0.750120703,-0.088485843,48,453,001812,48453001812,18.12,Census Tract 18.12,G5020,2322137,0,+30.3296570,-097.6979717,2322139,2322139
97,50,58,57,46,10,48453001813,TX: Travis County: Census Tract 18.13,219,48.08686933,66,396,0.15650828,0.224016672,-0.088485843,48,453,001813,48453001813,18.13,Census Tract 18.13,G5020,3543067,0,+30.3451340,-097.6875190,3543071,3543071
98,26,21,26,34,8,48453001817,TX: Travis County: Census Tract 18.17,219,47.71752563,66,165,0.15650828,0.084487341,-0.088485843,48,453,001817,48453001817,18.17,Census Tract 18.17,G5020,2507006,0,+30.3666400,-097.7346651,2507010,2507010
99,53,38,20,26,8,48453001818,TX: Travis County: Census Tract 18.18,219,47.71752563,66,256,0.15650828,0.084487341,-0.088485843,48,453,001818,48453001818,18.18,Census Tract 18.18,G5020,2577537,0,+30.3602083,-097.7222096,2577534,2577534
100,26,18,17,13,1,48453001819,TX: Travis County: Census Tract 18.19,219,48.08686933,66,246,0.15650828,0.224016672,-0.088485843,48,453,001819,48453001819,18.19,Census Tract 18.19,G5020,898796,0,+30.3634222,-097.7026672,898797,898797
101,44,51,30,27,1,48453001820,TX: Travis County: Census Tract 18.20,219,47.71752563,66,478,0.15650828,0.084487341,-0.088485843,48,453,001820,48453001820,18.20,Census Tract 18.20,G5020,1971513,0,+30.3718046,-097.7148275,1971507,1971507
102,36,29,27,13,5,48453001821,TX: Travis County: Census Tract 18.21,218,47.25704514,66,254,-0.118643373,-0.089471317,-0.088485843,48,453,001821,48453001821,18.21,Census Tract 18.21,G5020,2666872,0,+30.3809804,-097.7086052,2666868,2666868
103,39,28,29,26,7,48453001822,TX: Travis County: Census Tract 18.22,219,48.08686933,66,168,0.15650828,0.224016672,-0.088485843,48,453,001822,48453001822,18.22,Census Tract 18.22,G5020,1749084,0,+30.3741907,-097.6963208,1749085,1749085
104,62,46,55,25,7,48453001823,TX: Travis County: Census Tract 18.23,219,48.08686933,66,438,0.15650828,0.224016672,-0.088485843,48,453,001823,48453001823,18.23,Census Tract 18.23,G5020,2461059,0,+30.3700928,-097.6869014,2461061,2461061
105,9,13,13,7,1,48453001824,TX: Travis County: Census Tract 18.24,219,48.82811489,66,105,0.15650828,0.504041747,-0.088485843,48,453,001824,48453001824,18.24,Census Tract 18.24,G5020,1439764,0,+30.3851014,-097.6791969,1439760,1439759
106,32,30,30,13,3,48453001826,TX: Travis County: Census Tract 18.26,219,48.82811489,66,245,0.15650828,0.504041747,-0.088485843,48,453,001826,48453001826,18.26,Census Tract 18.26,G5020,3220267,0,+30.4022505,-097.6830267,3220269,3220269
107,9,6,9,5,1,48453001828,TX: Travis County: Census Tract 18.28,214,46.88962006,65,47,-1.219249987,-0.228275839,-0.673028684,48,453,001828,48453001828,18.28,Census Tract 18.28,G5020,2358860,0,+30.4215818,-097.7237273,2358859,2358859
108,13,12,8,13,3,48453001829,TX: Travis County: Census Tract 18.29,218,47.25704514,66,110,-0.118643373,-0.089471317,-0.088485843,48,453,001829,48453001829,18.29,Census Tract 18.29,G5020,1707593,0,+30.4164080,-097.7128269,1707592,1707592
109,16,14,20,9,5,48453001832,TX: Travis County: Census Tract 18.32,219,48.82811489,66,56,0.15650828,0.504041747,-0.088485843,48,453,001832,48453001832,18.32,Census Tract 18.32,G5020,1501402,0,+30.3801479,-097.6688196,1501402,1501402
110,42,42,36,29,12,48453001833,TX: Travis County: Census Tract 18.33,219,48.08686933,66,473,0.15650828,0.224016672,-0.088485843,48,453,001833,48453001833,18.33,Census Tract 18.33,G5020,3250425,0,+30.3640039,-097.6764974,3250426,3250426
111,49,42,39,31,11,48453001834,TX: Travis County: Census Tract 18.34,220,49.47950275,66,537,0.431659933,0.750120703,-0.088485843,48,453,001834,48453001834,18.34,Census Tract 18.34,G5020,15647858,0,+30.3502745,-097.6605603,15647857,11032980
112,14,16,25,12,3,48453001835,TX: Travis County: Census Tract 18.35,219,50.22714372,66,178,0.15650828,1.032561812,-0.088485843,48,453,001835,48453001835,18.35,Census Tract 18.35,G5020,2583283,0,+30.3867987,-097.6614863,2583285,2583285
113,87,69,63,46,8,48453001839,TX: Travis County: Census Tract 18.39,219,50.22714372,66,505,0.15650828,1.032561812,-0.088485843,48,453,001839,48453001839,18.39,Census Tract 18.39,G5020,8211920,0,+30.4047410,-097.6589145,8211928,8211928
114,24,17,18,18,2,48453001840,TX: Travis County: Census Tract 18.40,217,48.92101042,65,203,-0.393795027,0.539135483,-0.673028684,48,453,001840,48453001840,18.40,Census Tract 18.40,G5020,8994668,5215,+30.4253124,-097.6522327,8999879,3541234
115,0,1,0,0,0,48453001841,TX: Travis County: Census Tract 18.41,217,48.92101042,65,36,-0.393795027,0.539135483,-0.673028684,48,453,001841,48453001841,18.41,Census Tract 18.41,G5020,9726604,0,+30.4277110,-097.6311352,9726600,348389
116,36,19,24,8,8,48453001842,TX: Travis County: Census Tract 18.42,220,50.03991371,66,326,0.431659933,0.961830733,-0.088485843,48,453,001842,48453001842,18.42,Census Tract 18.42,G5020,30633297,24452,+30.3970641,-097.6179623,30657751,8741397
117,7,12,3,7,0,48453001843,TX: Travis County: Census Tract 18.43,219,48.82811489,66,71,0.15650828,0.504041747,-0.088485843,48,453,001843,48453001843,18.43,Census Tract 18.43,G5020,1097041,0,+30.3885436,-097.6999900,1097042,1097042
118,9,12,10,3,0,48453001844,TX: Travis County: Census Tract 18.44,219,48.82811489,66,163,0.15650828,0.504041747,-0.088485843,48,453,001844,48453001844,18.44,Census Tract 18.44,G5020,1017741,0,+30.3959497,-097.7013613,1017741,1017741
119,14,14,11,12,3,48453001845,TX: Travis County: Census Tract 18.45,219,48.82811489,66,121,0.15650828,0.504041747,-0.088485843,48,453,001845,48453001845,18.45,Census Tract 18.45,G5020,2641085,0,+30.3924929,-097.6904359,2641083,2641083
120,4,5,9,8,1,48453001846,TX: Travis County: Census Tract 18.46,214,46.88962006,65,88,-1.219249987,-0.228275839,-0.673028684,48,453,001846,48453001846,18.46,Census Tract 18.46,G5020,5839591,0,+30.4359343,-097.7135616,5839589,2556044
121,20,23,13,15,1,48453001847,TX: Travis County: Census Tract 18.47,216,48.45706575,65,178,-0.66894668,0.363868141,-0.673028684,48,453,001847,48453001847,18.47,Census Tract 18.47,G5020,3060166,0,+30.4282546,-097.6902250,3060168,2697611
122,28,23,20,18,5,48453001848,TX: Travis County: Census Tract 18.48,216,48.45706575,65,174,-0.66894668,0.363868141,-0.673028684,48,453,001848,48453001848,18.48,Census Tract 18.48,G5020,3365369,0,+30.4128455,-097.6797798,3365367,3359188
123,79,65,72,45,6,48453001849,TX: Travis County: Census Tract 18.49,218,47.25704514,66,475,-0.118643373,-0.089471317,-0.088485843,48,453,001849,48453001849,18.49,Census Tract 18.49,G5020,7469361,0,+30.3946410,-097.7201271,7469365,7469365
124,17,16,21,11,2,48453001850,TX: Travis County: Census Tract 18.50,219,48.82811489,66,263,0.15650828,0.504041747,-0.088485843,48,453,001850,48453001850,18.50,Census Tract 18.50,G5020,1740637,0,+30.4119145,-097.7017819,1740638,1740638
125,1,0,0,0,0,48453001851,TX: Travis County: Census Tract 18.51,214,48.08686933,65,21,-1.219249987,0.224016672,-0.673028684,48,453,001851,48453001851,18.51,Census Tract 18.51,G5020,7477904,1296,+30.4626023,-097.6769180,7479197,33603
126,21,27,14,15,3,48453001856,TX: Travis County: Census Tract 18.56,220,51.7326583,66,387,0.431659933,1.601309681,-0.088485843,48,453,001856,48453001856,18.56,Census Tract 18.56,G5020,61760279,25850,+30.3632228,-097.5756802,61786109,11278355
127,2,2,4,5,1,48453001857,TX: Travis County: Census Tract 18.57,216,49.47950275,65,17,-0.66894668,0.750120703,-0.673028684,48,453,001857,48453001857,18.57,Census Tract 18.57,G5020,7151338,12579,+30.4627453,-097.6552817,7163914,297957
128,2,1,2,3,0,48453001863,TX: Travis County: Census Tract 18.63,216,48.45706575,65,18,-0.66894668,0.363868141,-0.673028684,48,453,001863,48453001863,18.63,Census Tract 18.63,G5020,1524357,0,+30.4324868,-097.6766198,1524356,125850
129,1,4,6,5,0,48453001864,TX: Travis County: Census Tract 18.64,216,48.45706575,65,28,-0.66894668,0.363868141,-0.673028684,48,453,001864,48453001864,18.64,Census Tract 18.64,G5020,5113929,0,+30.4490699,-097.7018504,5113927,1143971
130,22,24,30,17,3,48453001901,TX: Travis County: Census Tract 19.01,222,49.47950275,66,81,0.98196324,0.750120703,-0.088485843,48,453,001901,48453001901,19.01,Census Tract 19.01,G5020,3967889,0,+30.2502677,-097.7862422,3967888,3967888
131,19,25,18,10,0,48453001908,TX: Travis County: Census Tract 19.08,208,41.21515423,66,275,-2.870159907,-2.371955074,-0.088485843,48,453,001908,48453001908,19.08,Census Tract 19.08,G5020,32368602,502,+30.2785814,-097.8769366,32369111,7429081
132,19,13,13,17,4,48453001910,TX: Travis County: Census Tract 19.10,220,46.61461085,66,248,0.431659933,-0.332167827,-0.088485843,48,453,001910,48453001910,19.10,Census Tract 19.10,G5020,6786001,299698,+30.2700666,-097.7980310,7085701,6203783
133,24,24,18,8,4,48453001911,TX: Travis County: Census Tract 19.11,222,49.47950275,66,78,0.98196324,0.750120703,-0.088485843,48,453,001911,48453001911,19.11,Census Tract 19.11,G5020,3274085,73868,+30.2592651,-097.7857165,3347953,3347952
134,3,5,5,4,1,48453001912,TX: Travis County: Census Tract 19.12,219,46.5230477,66,72,0.15650828,-0.366758223,-0.088485843,48,453,001912,48453001912,19.12,Census Tract 19.12,G5020,13460746,1291827,+30.3257598,-097.8205080,14752561,4841234
135,10,5,6,4,3,48453001913,TX: Travis County: Census Tract 19.13,219,46.5230477,66,49,0.15650828,-0.366758223,-0.088485843,48,453,001913,48453001913,19.13,Census Tract 19.13,G5020,12027127,481870,+30.3181100,-097.7979896,12508992,3971034
136,10,13,6,3,0,48453001914,TX: Travis County: Census Tract 19.14,213,43.08313973,66,104,-1.49440164,-1.666274249,-0.088485843,48,453,001914,48453001914,19.14,Census Tract 19.14,G5020,13767311,0,+30.2570506,-097.8391550,13767315,9523146
137,18,26,22,8,3,48453001915,TX: Travis County: Census Tract 19.15,213,42.10173991,66,179,-1.49440164,-2.037023934,-0.088485843,48,453,001915,48453001915,19.15,Census Tract 19.15,G5020,6203816,0,+30.2404155,-097.8367125,6203816,5801196
138,11,8,15,7,5,48453001917,TX: Travis County: Census Tract 19.17,220,46.61461085,66,51,0.431659933,-0.332167827,-0.088485843,48,453,001917,48453001917,19.17,Census Tract 19.17,G5020,8092606,0,+30.2743943,-097.8286931,8092605,7105575
139,1,4,4,4,0,48453001918,TX: Travis County: Census Tract 19.18,219,46.5230477,66,111,0.15650828,-0.366758223,-0.088485843,48,453,001918,48453001918,19.18,Census Tract 19.18,G5020,8595834,4044,+30.2936831,-097.8125401,8599885,144938
140,1,1,2,1,0,48453001919,TX: Travis County: Census Tract 19.19,220,46.61461085,66,55,0.431659933,-0.332167827,-0.088485843,48,453,001919,48453001919,19.19,Census Tract 19.19,G5020,4422818,0,+30.2771923,-097.7951526,4422815,460661
141,36,18,13,11,6,48453002002,TX: Travis County: Census Tract 20.02,220,47.53317355,66,253,0.431659933,0.014843477,-0.088485843,48,453,002002,48453002002,20.02,Census Tract 20.02,G5020,1545561,0,+30.2229526,-097.7848718,1545563,1545563
142,35,30,15,12,4,48453002003,TX: Travis County: Census Tract 20.03,220,47.53317355,66,290,0.431659933,0.014843477,-0.088485843,48,453,002003,48453002003,20.03,Census Tract 20.03,G5020,1990126,0,+30.2190129,-097.7747284,1990128,1990128
143,27,24,17,9,0,48453002004,TX: Travis County: Census Tract 20.04,220,47.53317355,66,123,0.431659933,0.014843477,-0.088485843,48,453,002004,48453002004,20.04,Census Tract 20.04,G5020,866652,0,+30.2361335,-097.7881708,866653,866653
144,59,40,26,12,5,48453002005,TX: Travis County: Census Tract 20.05,220,47.53317355,66,173,0.431659933,0.014843477,-0.088485843,48,453,002005,48453002005,20.05,Census Tract 20.05,G5020,1638539,0,+30.2348341,-097.7801523,1638538,1638539
145,19,10,18,11,2,48453002104,TX: Travis County: Census Tract 21.04,220,49.47950275,66,116,0.431659933,0.750120703,-0.088485843,48,453,002104,48453002104,21.04,Census Tract 21.04,G5020,1236627,0,+30.3147269,-097.6965740,1236624,1236624
146,60,44,35,24,6,48453002105,TX: Travis County: Census Tract 21.05,220,49.47950275,66,516,0.431659933,0.750120703,-0.088485843,48,453,002105,48453002105,21.05,Census Tract 21.05,G5020,1937085,0,+30.3149173,-097.7055915,1937085,1937085
147,11,13,17,14,2,48453002106,TX: Travis County: Census Tract 21.06,220,49.47950275,66,169,0.431659933,0.750120703,-0.088485843,48,453,002106,48453002106,21.06,Census Tract 21.06,G5020,1629279,0,+30.3067196,-097.6903234,1629282,1629282
148,26,23,33,19,6,48453002107,TX: Travis County: Census Tract 21.07,220,49.47950275,66,371,0.431659933,0.750120703,-0.088485843,48,453,002107,48453002107,21.07,Census Tract 21.07,G5020,3057210,0,+30.2956665,-097.6828610,3057213,3057213
149,20,9,13,8,6,48453002108,TX: Travis County: Census Tract 21.08,220,49.47950275,66,289,0.431659933,0.750120703,-0.088485843,48,453,002108,48453002108,21.08,Census Tract 21.08,G5020,3287077,0,+30.2973104,-097.6691264,3287078,3287078
150,25,22,27,22,10,48453002109,TX: Travis County: Census Tract 21.09,223,50.60224328,66,451,1.257114894,1.174265572,-0.088485843,48,453,002109,48453002109,21.09,Census Tract 21.09,G5020,2796766,0,+30.2815089,-097.6905770,2796764,2796764
151,38,18,18,29,4,48453002110,TX: Travis County: Census Tract 21.10,223,50.60224328,66,382,1.257114894,1.174265572,-0.088485843,48,453,002110,48453002110,21.10,Census Tract 21.10,G5020,3542307,0,+30.2741426,-097.6774645,3542310,3542310
152,36,40,35,36,7,48453002111,TX: Travis County: Census Tract 21.11,223,50.60224328,66,342,1.257114894,1.174265572,-0.088485843,48,453,002111,48453002111,21.11,Census Tract 21.11,G5020,6502293,210192,+30.2590228,-097.6874853,6712485,6709588
153,29,30,16,13,1,48453002112,TX: Travis County: Census Tract 21.12,220,49.47950275,66,295,0.431659933,0.750120703,-0.088485843,48,453,002112,48453002112,21.12,Census Tract 21.12,G5020,1703455,0,+30.3139236,-097.6825978,1703454,1703454
154,15,14,19,13,9,48453002113,TX: Travis County: Census Tract 21.13,220,49.47950275,66,230,0.431659933,0.750120703,-0.088485843,48,453,002113,48453002113,21.13,Census Tract 21.13,G5020,2055522,0,+30.3170622,-097.6725225,2055521,2055521
155,14,10,19,6,1,48453002201,TX: Travis County: Census Tract 22.01,220,49.85289687,66,123,0.431659933,0.891180188,-0.088485843,48,453,002201,48453002201,22.01,Census Tract 22.01,G5020,5171432,1348,+30.3181765,-097.6557255,5172781,3992850
156,32,31,40,27,6,48453002202,TX: Travis County: Census Tract 22.02,220,49.85289687,66,458,0.431659933,0.891180188,-0.088485843,48,453,002202,48453002202,22.02,Census Tract 22.02,G5020,12761671,10175,+30.3100323,-097.6250593,12771847,6278718
157,0,1,0,1,0,48453002207,TX: Travis County: Census Tract 22.07,222,51.7326583,66,534,0.98196324,1.601309681,-0.088485843,48,453,002207,48453002207,22.07,Census Tract 22.07,G5020,67880409,1853755,+30.2388615,-097.5844843,69734165,2604530
158,37,30,31,16,10,48453002208,TX: Travis County: Census Tract 22.08,222,51.16649148,66,280,0.98196324,1.387425222,-0.088485843,48,453,002208,48453002208,22.08,Census Tract 22.08,G5020,12872899,6758,+30.2763965,-097.6536056,12879663,12281321
159,1,0,0,0,0,48453002209,TX: Travis County: Census Tract 22.09,221,52.01646119,66,339,0.706811587,1.708523715,-0.088485843,48,453,002209,48453002209,22.09,Census Tract 22.09,G5020,68256362,289406,+30.3277499,-097.4799052,68545788,9022
160,0,0,0,0,0,48453002210,TX: Travis County: Census Tract 22.10,221,50.50838845,66,151,0.706811587,1.138809432,-0.088485843,48,453,002210,48453002210,22.10,Census Tract 22.10,G5020,81429277,116901,+30.2752461,-097.5176384,81546179,41617
161,7,7,5,5,1,48453002211,TX: Travis County: Census Tract 22.11,221,50.41458691,66,234,0.706811587,1.103373425,-0.088485843,48,453,002211,48453002211,22.11,Census Tract 22.11,G5020,6802305,0,+30.2743023,-097.6192541,6802302,966377
162,9,15,20,11,2,48453002212,TX: Travis County: Census Tract 22.12,220,50.03991371,66,152,0.431659933,0.961830733,-0.088485843,48,453,002212,48453002212,22.12,Census Tract 22.12,G5020,25037595,5106275,+30.3104028,-097.5907723,30143874,25689258
163,56,36,28,12,3,48453002304,TX: Travis County: Census Tract 23.04,220,48.3644367,66,341,0.431659933,0.328875073,-0.088485843,48,453,002304,48453002304,23.04,Census Tract 23.04,G5020,1256597,310396,+30.2434629,-097.7233037,1566993,1566993
164,50,40,48,18,4,48453002307,TX: Travis County: Census Tract 23.07,220,48.3644367,66,366,0.431659933,0.328875073,-0.088485843,48,453,002307,48453002307,23.07,Census Tract 23.07,G5020,2120578,0,+30.2231019,-097.7409680,2120579,2120579
165,67,50,43,35,5,48453002308,TX: Travis County: Census Tract 23.08,220,47.53317355,66,362,0.431659933,0.014843477,-0.088485843,48,453,002308,48453002308,23.08,Census Tract 23.08,G5020,3200742,0,+30.2291253,-097.7521400,3200742,3200742
166,23,19,26,24,3,48453002310,TX: Travis County: Census Tract 23.10,223,51.35500057,66,150,1.257114894,1.458639507,-0.088485843,48,453,002310,48453002310,23.10,Census Tract 23.10,G5020,17955441,832755,+30.2423539,-097.6592003,18788205,5859843
167,68,41,51,24,15,48453002312,TX: Travis County: Census Tract 23.12,223,50.88412755,66,723,1.257114894,1.280754796,-0.088485843,48,453,002312,48453002312,23.12,Census Tract 23.12,G5020,4390217,0,+30.2262012,-097.6946096,4390213,4390213
168,41,36,42,26,6,48453002313,TX: Travis County: Census Tract 23.13,220,48.3644367,66,220,0.431659933,0.328875073,-0.088485843,48,453,002313,48453002313,23.13,Census Tract 23.13,G5020,2432253,0,+30.2201793,-097.7260193,2432252,2432252
169,61,44,40,32,14,48453002314,TX: Travis County: Census Tract 23.14,220,48.3644367,66,328,0.431659933,0.328875073,-0.088485843,48,453,002314,48453002314,23.14,Census Tract 23.14,G5020,2481620,0,+30.2246951,-097.7155158,2481624,2481624
170,21,25,17,19,2,48453002315,TX: Travis County: Census Tract 23.15,220,48.3644367,66,121,0.431659933,0.328875073,-0.088485843,48,453,002315,48453002315,23.15,Census Tract 23.15,G5020,477836,0,+30.2339235,-097.7321352,477838,477838
171,33,21,25,21,5,48453002316,TX: Travis County: Census Tract 23.16,220,48.3644367,66,257,0.431659933,0.328875073,-0.088485843,48,453,002316,48453002316,23.16,Census Tract 23.16,G5020,681457,0,+30.2313978,-097.7258685,681455,681455
172,19,19,26,12,3,48453002317,TX: Travis County: Census Tract 23.17,223,50.88412755,66,155,1.257114894,1.280754796,-0.088485843,48,453,002317,48453002317,23.17,Census Tract 23.17,G5020,3137061,247154,+30.2388620,-097.7065829,3384215,3384215
173,46,38,39,18,4,48453002318,TX: Travis County: Census Tract 23.18,220,48.3644367,66,386,0.431659933,0.328875073,-0.088485843,48,453,002318,48453002318,23.18,Census Tract 23.18,G5020,1625904,0,+30.2321980,-097.7089279,1625905,1625905
174,2,3,2,1,1,48453002319,TX: Travis County: Census Tract 23.19,222,49.66609322,66,523,0.98196324,0.820610179,-0.088485843,48,453,002319,48453002319,23.19,Census Tract 23.19,G5020,555285,0,+30.1998953,-097.6440297,555283,186588
175,41,38,37,20,4,48453002402,TX: Travis County: Census Tract 24.02,220,45.79246114,66,366,0.431659933,-0.642756577,-0.088485843,48,453,002402,48453002402,24.02,Census Tract 24.02,G5020,3575897,0,+30.2017006,-097.7751660,3575895,3575895
176,65,51,26,17,3,48453002403,TX: Travis County: Census Tract 24.03,220,47.53317355,66,311,0.431659933,0.014843477,-0.088485843,48,453,002403,48453002403,24.03,Census Tract 24.03,G5020,2648932,0,+30.2122884,-097.7621411,2648930,2648930
177,43,44,36,17,4,48453002407,TX: Travis County: Census Tract 24.07,219,43.80093548,67,329,0.15650828,-1.395107961,0.496056998,48,453,002407,48453002407,24.07,Census Tract 24.07,G5020,15346079,3309,+30.1290274,-097.8155517,15349385,3312087
178,10,13,6,4,1,48453002409,TX: Travis County: Census Tract 24.09,218,43.98091736,66,167,-0.118643373,-1.327115053,-0.088485843,48,453,002409,48453002409,24.09,Census Tract 24.09,G5020,1337667,0,+30.2075290,-097.7935778,1337661,1337661
179,9,14,16,7,3,48453002410,TX: Travis County: Census Tract 24.10,220,45.79246114,66,188,0.431659933,-0.642756577,-0.088485843,48,453,002410,48453002410,24.10,Census Tract 24.10,G5020,1211486,0,+30.2057699,-097.7866639,1211486,1211486
180,43,47,36,16,7,48453002411,TX: Travis County: Census Tract 24.11,220,47.34903465,66,381,0.431659933,-0.054719853,-0.088485843,48,453,002411,48453002411,24.11,Census Tract 24.11,G5020,3962099,0,+30.2052826,-097.7489269,3962100,3962100
181,18,20,16,6,2,48453002412,TX: Travis County: Census Tract 24.12,220,45.79246114,66,180,0.431659933,-0.642756577,-0.088485843,48,453,002412,48453002412,24.12,Census Tract 24.12,G5020,1388583,0,+30.1894024,-097.7514897,1388582,1388582
182,15,17,19,13,6,48453002413,TX: Travis County: Census Tract 24.13,220,47.34903465,66,142,0.431659933,-0.054719853,-0.088485843,48,453,002413,48453002413,24.13,Census Tract 24.13,G5020,1346686,0,+30.1971059,-097.7402780,1346683,1346683
183,35,12,21,16,3,48453002419,TX: Travis County: Census Tract 24.19,220,45.79246114,66,234,0.431659933,-0.642756577,-0.088485843,48,453,002419,48453002419,24.19,Census Tract 24.19,G5020,1353443,0,+30.1912936,-097.7609165,1353442,1353442
184,86,61,46,33,12,48453002421,TX: Travis County: Census Tract 24.21,220,44.16111243,67,560,0.431659933,-1.25904161,0.496056998,48,453,002421,48453002421,24.21,Census Tract 24.21,G5020,8171536,0,+30.1628760,-097.8065168,8171534,7016098
185,40,46,46,30,8,48453002422,TX: Travis County: Census Tract 24.22,220,45.79246114,66,440,0.431659933,-0.642756577,-0.088485843,48,453,002422,48453002422,24.22,Census Tract 24.22,G5020,4031631,0,+30.1834393,-097.7848130,4031635,4031635
186,18,13,16,9,0,48453002423,TX: Travis County: Census Tract 24.23,218,43.98091736,66,129,-0.118643373,-1.327115053,-0.088485843,48,453,002423,48453002423,24.23,Census Tract 24.23,G5020,2621119,0,+30.1797327,-097.8062117,2621120,2621120
187,18,25,13,10,3,48453002424,TX: Travis County: Census Tract 24.24,218,43.98091736,66,323,-0.118643373,-1.327115053,-0.088485843,48,453,002424,48453002424,24.24,Census Tract 24.24,G5020,2764930,0,+30.1921887,-097.7992486,2764934,2764934
188,19,18,9,10,3,48453002425,TX: Travis County: Census Tract 24.25,220,45.88359793,67,69,0.431659933,-0.60832725,0.496056998,48,453,002425,48453002425,24.25,Census Tract 24.25,G5020,1947777,2146,+30.1573560,-097.7832595,1949922,1792163
189,32,17,13,14,4,48453002426,TX: Travis County: Census Tract 24.26,220,45.61034746,66,255,0.431659933,-0.711554829,-0.088485843,48,453,002426,48453002426,24.26,Census Tract 24.26,G5020,14053985,2757,+30.1456597,-097.7511037,14056751,7588601
190,56,42,32,24,5,48453002427,TX: Travis County: Census Tract 24.27,220,45.79246114,66,406,0.431659933,-0.642756577,-0.088485843,48,453,002427,48453002427,24.27,Census Tract 24.27,G5020,3383865,0,+30.1806752,-097.7634252,3383865,3213183
191,17,22,19,18,1,48453002428,TX: Travis County: Census Tract 24.28,220,45.88359793,67,184,0.431659933,-0.60832725,0.496056998,48,453,002428,48453002428,24.28,Census Tract 24.28,G5020,19861318,4565,+30.1198599,-097.7721386,19865889,7507548
192,34,17,15,12,4,48453002429,TX: Travis County: Census Tract 24.29,220,45.79246114,66,144,0.431659933,-0.642756577,-0.088485843,48,453,002429,48453002429,24.29,Census Tract 24.29,G5020,2653512,0,+30.1674716,-097.7743100,2653512,989931
193,13,7,6,4,1,48453002430,TX: Travis County: Census Tract 24.30,220,45.79246114,66,57,0.431659933,-0.642756577,-0.088485843,48,453,002430,48453002430,24.30,Census Tract 24.30,G5020,2193916,0,+30.1717158,-097.7550103,2193911,2142119
194,69,59,64,37,5,48453002431,TX: Travis County: Census Tract 24.31,220,47.34903465,66,518,0.431659933,-0.054719853,-0.088485843,48,453,002431,48453002431,24.31,Census Tract 24.31,G5020,20132846,0,+30.1945383,-097.7178237,20132838,19716320
195,7,6,2,3,0,48453002432,TX: Travis County: Census Tract 24.32,221,46.43153785,66,152,0.706811587,-0.401328484,-0.088485843,48,453,002432,48453002432,24.32,Census Tract 24.32,G5020,44447310,14350,+30.1302451,-097.7195595,44461673,3134168
196,18,22,28,12,5,48453002433,TX: Travis County: Census Tract 24.33,223,50.50838845,66,372,1.257114894,1.138809432,-0.088485843,48,453,002433,48453002433,24.33,Census Tract 24.33,G5020,71144923,1086905,+30.1805496,-097.5664907,72231898,12358271
197,7,3,1,0,1,48453002434,TX: Travis County: Census Tract 24.34,219,42.99365509,67,111,0.15650828,-1.700079434,0.496056998,48,453,002434,48453002434,24.34,Census Tract 24.34,G5020,55160631,6,+30.0716279,-097.7470476,55160713,146858
198,13,3,6,5,0,48453002435,TX: Travis County: Census Tract 24.35,222,48.3644367,66,348,0.98196324,0.328875073,-0.088485843,48,453,002435,48453002435,24.35,Census Tract 24.35,G5020,48882070,8310,+30.1457115,-097.6279186,48890388,4371472
199,16,20,18,10,1,48453002500,TX: Travis County: Census Tract 25,217,46.79789703,66,239,-0.393795027,-0.262926635,-0.088485843,48,453,002500,48453002500,25,Census Tract 25,G5020,3344217,0,+30.4166378,-097.7553120,3344217,3344217
200,25,63,39,32,3,48453980000,TX: Travis County: -999,222,49.66609322,66,359,0.98196324,0.820610179,-0.088485843,48,453,980000,48453980000,9800,Census Tract 9800,G5020,17490347,0,+30.1946931,-097.6665070,17490349,17332541